Province,Specialty,Population,Physician_Count,Physicians_per_100k,Service_Volume,Services_per_Physician
Newfoundland and Labrador,Internal Medicine,540500,64,11.840888066604995,204038.0,3188.09375
Newfoundland and Labrador,Cardiology,540500,18,3.330249768732655,26674.0,1481.888888888889
Newfoundland and Labrador,Gastroenterology,540500,9,1.6651248843663276,11484.0,1276.0
Newfoundland and Labrador,Neurology,540500,12,2.2201665124884364,12144.0,1012.0
Newfoundland and Labrador,Psychiatry,540500,85,15.726179463459758,50987.0,599.8470588235294
Newfoundland and Labrador,Pediatrics,540500,61,11.285846438482887,32405.0,531.2295081967213
Newfoundland and Labrador,Dermatology,540500,11,2.0351526364477337,52260.0,4750.909090909091
Newfoundland and Labrador,General Surgery,540500,65,12.0259019426457,65448.0,1006.8923076923077
Newfoundland and Labrador,Urology,540500,13,2.4051803885291396,39658.0,3050.6153846153848
Newfoundland and Labrador,Orthopedic Surgery,540500,31,5.735430157261795,46093.0,1486.8709677419354
Newfoundland and Labrador,Ophthalmology,540500,19,3.515263644773358,52381.0,2756.8947368421054
Newfoundland and Labrador,Obstetrics/Gynecology,540500,49,9.065679925994448,76377.0,1558.7142857142858
Prince Edward Island,Internal Medicine,175800,17,9.670079635949943,10509.0,618.1764705882352
Prince Edward Island,Cardiology,175800,2,1.1376564277588168,,
Prince Edward Island,Gastroenterology,175800,3,1.7064846416382253,,
Prince Edward Island,Neurology,175800,3,1.7064846416382253,0.0,0.0
Prince Edward Island,Psychiatry,175800,15,8.532423208191126,29746.0,1983.0666666666666
Prince Edward Island,Pediatrics,175800,18,10.238907849829351,3391.0,188.38888888888889
Prince Edward Island,Dermatology,175800,2,1.1376564277588168,,
Prince Edward Island,General Surgery,175800,13,7.39476678043231,18082.0,1390.923076923077
Prince Edward Island,Urology,175800,4,2.2753128555176336,3035.0,758.75
Prince Edward Island,Orthopedic Surgery,175800,8,4.550625711035267,22223.0,2777.875
Prince Edward Island,Ophthalmology,175800,6,3.4129692832764507,17821.0,2970.1666666666665
Prince Edward Island,Obstetrics/Gynecology,175800,11,6.257110352673492,1581.0,143.72727272727272
Nova Scotia,Internal Medicine,1056200,98,9.278545729975384,145180.0,1481.4285714285713
Nova Scotia,Cardiology,1056200,54,5.112668055292558,18560.0,343.7037037037037
Nova Scotia,Gastroenterology,1056200,26,2.461654989585306,8182.0,314.6923076923077
Nova Scotia,Neurology,1056200,33,3.124408256012119,13474.0,408.3030303030303
Nova Scotia,Psychiatry,1056200,202,19.125165688316606,47152.0,233.4257425742574
Nova Scotia,Pediatrics,1056200,103,9.75194092028025,23768.0,230.75728155339806
Nova Scotia,Dermatology,1056200,23,2.1776178754023863,45959.0,1998.2173913043478
Nova Scotia,General Surgery,1056200,68,6.438174588146184,72839.0,1071.1617647058824
Nova Scotia,Urology,1056200,29,2.745692103768226,72065.0,2485.0
Nova Scotia,Orthopedic Surgery,1056200,60,5.680742283658398,65380.0,1089.6666666666667
Nova Scotia,Ophthalmology,1056200,58,5.491384207536452,168691.0,2908.4655172413795
Nova Scotia,Obstetrics/Gynecology,1056200,79,7.4796440068168915,36662.0,464.0759493670886
New Brunswick,Internal Medicine,835000,70,8.383233532934131,221150.0,3159.285714285714
New Brunswick,Cardiology,835000,35,4.191616766467066,58079.0,1659.4
New Brunswick,Gastroenterology,835000,16,1.9161676646706587,48236.0,3014.75
New Brunswick,Neurology,835000,23,2.754491017964072,13623.0,592.304347826087
New Brunswick,Psychiatry,835000,97,11.616766467065869,78744.0,811.7938144329897
New Brunswick,Pediatrics,835000,63,7.544910179640719,35188.0,558.5396825396825
New Brunswick,Dermatology,835000,13,1.5568862275449102,45110.0,3470.0
New Brunswick,General Surgery,835000,61,7.3053892215568865,78242.0,1282.655737704918
New Brunswick,Urology,835000,25,2.9940119760479043,50980.0,2039.2
New Brunswick,Orthopedic Surgery,835000,46,5.508982035928144,93310.0,2028.4782608695652
New Brunswick,Ophthalmology,835000,37,4.431137724550898,109320.0,2954.5945945945946
New Brunswick,Obstetrics/Gynecology,835000,64,7.664670658682635,83415.0,1303.359375
Quebec,Internal Medicine,8903100,945,10.614280419179837,7159196.0,7575.868783068783
Quebec,Cardiology,8903100,472,5.301524188204109,1557734.0,3300.2838983050847
Quebec,Gastroenterology,8903100,247,2.774314564589862,833911.0,3376.157894736842
Quebec,Neurology,8903100,290,3.2572924037694735,590742.0,2037.0413793103448
Quebec,Psychiatry,8903100,1350,15.163257741685479,2863602.0,2121.1866666666665
Quebec,Pediatrics,8903100,702,7.8848940256764495,1750210.0,2493.1766381766383
Quebec,Dermatology,8903100,248,2.7855466073614807,768810.0,3100.0403225806454
Quebec,General Surgery,8903100,563,6.323640080421425,1074674.0,1908.834813499112
Quebec,Urology,8903100,212,2.3811930675832014,756146.0,3566.7264150943397
Quebec,Orthopedic Surgery,8903100,431,4.8410104345677345,651198.0,1510.9002320185614
Quebec,Ophthalmology,8903100,375,4.212016039357078,1466150.0,3909.733333333333
Quebec,Obstetrics/Gynecology,8903100,562,6.312408037649807,1129770.0,2010.2669039145908
Ontario,Internal Medicine,15788400,1734,10.982746826784222,13644203.0,7868.6291810841985
Ontario,Cardiology,15788400,671,4.249955663651795,1850902.0,2758.4232488822654
Ontario,Gastroenterology,15788400,344,2.1788148260748397,1050160.0,3052.7906976744184
Ontario,Neurology,15788400,502,3.1795495427022376,967625.0,1927.5398406374502
Ontario,Psychiatry,15788400,2220,14.060956145017862,4632344.0,2086.6414414414417
Ontario,Pediatrics,15788400,1372,8.689924248182209,3095592.0,2256.262390670554
Ontario,Dermatology,15788400,256,1.6214435914975551,1302460.0,5087.734375
Ontario,General Surgery,15788400,807,5.111347571634871,2332027.0,2889.7484510532836
Ontario,Urology,15788400,321,2.033138253401231,1373441.0,4278.632398753894
Ontario,Orthopedic Surgery,15788400,654,4.14228167515391,2082726.0,3184.5963302752293
Ontario,Ophthalmology,15788400,467,2.9578678016771804,3252932.0,6965.593147751606
Ontario,Obstetrics/Gynecology,15788400,976,6.1817536925844285,3154859.0,3232.4375
Manitoba,Internal Medicine,1461000,126,8.624229979466119,964395.0,7653.928571428572
Manitoba,Cardiology,1461000,42,2.8747433264887063,113730.0,2707.8571428571427
Manitoba,Gastroenterology,1461000,20,1.3689253935660506,50523.0,2526.15
Manitoba,Neurology,1461000,43,2.943189596167009,89819.0,2088.813953488372
Manitoba,Psychiatry,1461000,192,13.141683778234087,419270.0,2183.6979166666665
Manitoba,Pediatrics,1461000,143,9.787816563997263,324589.0,2269.853146853147
Manitoba,Dermatology,1461000,21,1.4373716632443532,88344.0,4206.857142857143
Manitoba,General Surgery,1461000,83,5.68104038329911,185064.0,2229.6867469879517
Manitoba,Urology,1461000,22,1.5058179329226558,77826.0,3537.5454545454545
Manitoba,Orthopedic Surgery,1461000,65,4.4490075290896645,129376.0,1990.4
Manitoba,Ophthalmology,1461000,38,2.600958247775496,130850.0,3443.4210526315787
Manitoba,Obstetrics/Gynecology,1461000,100,6.844626967830253,241359.0,2413.59
Saskatchewan,Internal Medicine,1217700,117,9.608277900960827,489055.0,4179.957264957265
Saskatchewan,Cardiology,1217700,37,3.0385152336371846,85481.0,2310.2972972972975
Saskatchewan,Gastroenterology,1217700,18,1.4781966001478197,41899.0,2327.722222222222
Saskatchewan,Neurology,1217700,35,2.874271166954094,32112.0,917.4857142857143
Saskatchewan,Psychiatry,1217700,113,9.279789767594647,171947.0,1521.654867256637
Saskatchewan,Pediatrics,1217700,98,8.047959267471462,79529.0,811.5204081632653
Saskatchewan,Dermatology,1217700,11,0.9033423667570009,33961.0,3087.3636363636365
Saskatchewan,General Surgery,1217700,84,6.898250800689825,103837.0,1236.154761904762
Saskatchewan,Urology,1217700,17,1.3960745668062742,31567.0,1856.8823529411766
Saskatchewan,Orthopedic Surgery,1217700,54,4.434589800443459,112137.0,2076.6111111111113
Saskatchewan,Ophthalmology,1217700,30,2.463661000246366,184544.0,6151.466666666666
Saskatchewan,Obstetrics/Gynecology,1217700,81,6.651884700665189,127873.0,1578.679012345679
Alberta,Internal Medicine,4734700,521,11.003865081208946,2652189.0,5090.573896353167
Alberta,Cardiology,4734700,167,3.527150611443175,472844.0,2831.4011976047905
Alberta,Gastroenterology,4734700,128,2.7034447800283017,136863.0,1069.2421875
Alberta,Neurology,4734700,206,4.350856442858047,187727.0,911.2961165048544
Alberta,Psychiatry,4734700,679,14.340929731556383,2295519.0,3380.7349042709866
Alberta,Pediatrics,4734700,552,11.658605613872052,955712.0,1731.3623188405797
Alberta,Dermatology,4734700,92,1.9431009356453417,432642.0,4702.630434782609
Alberta,General Surgery,4734700,195,4.118529157074366,379396.0,1945.6205128205129
Alberta,Urology,4734700,58,1.2249984159503242,195457.0,3369.948275862069
Alberta,Orthopedic Surgery,4734700,209,4.414218429889961,358195.0,1713.8516746411483
Alberta,Ophthalmology,4734700,131,2.766806767060215,699265.0,5337.900763358779
Alberta,Obstetrics/Gynecology,4734700,269,5.681458170528228,619900.0,2304.460966542751
British Columbia,Internal Medicine,5585500,673,12.049055590367917,2850985.0,4236.233283803864
British Columbia,Cardiology,5585500,176,3.15101602363262,449957.0,2556.5738636363635
British Columbia,Gastroenterology,5585500,102,1.8261570136961773,259992.0,2548.9411764705883
British Columbia,Neurology,5585500,233,4.171515531286366,256049.0,1098.9227467811158
British Columbia,Psychiatry,5585500,973,17.42010563065079,1654851.0,1700.7718396711202
British Columbia,Pediatrics,5585500,496,8.88013606660102,483831.0,975.4657258064516
British Columbia,Dermatology,5585500,95,1.700832512756244,301030.0,3168.7368421052633
British Columbia,General Surgery,5585500,309,5.5321815414913615,521999.0,1689.31715210356
British Columbia,Urology,5585500,119,2.130516515978874,380078.0,3193.9327731092435
British Columbia,Orthopedic Surgery,5585500,301,5.388953540417152,484847.0,1610.7873754152824
British Columbia,Ophthalmology,5585500,241,4.314743532360577,771735.0,3202.219917012448
British Columbia,Obstetrics/Gynecology,5585500,382,6.839137051293528,544338.0,1424.9685863874345
Yukon,Internal Medicine,45700,0,0.0,,
Yukon,Cardiology,45700,0,0.0,,
Yukon,Gastroenterology,45700,0,0.0,,
Yukon,Neurology,45700,0,0.0,,
Yukon,Psychiatry,45700,2,4.3763676148796495,95.0,47.5
Yukon,Pediatrics,45700,3,6.564551422319474,26.0,8.666666666666666
Yukon,Dermatology,45700,0,0.0,,
Yukon,General Surgery,45700,5,10.940919037199125,3101.0,620.2
Yukon,Urology,45700,0,0.0,,
Yukon,Orthopedic Surgery,45700,1,2.1881838074398248,4110.0,4110.0
Yukon,Ophthalmology,45700,0,0.0,,
Yukon,Obstetrics/Gynecology,45700,4,8.752735229759299,1931.0,482.75
Northwest Territories,Internal Medicine,44300,1,2.257336343115124,,
Northwest Territories,Cardiology,44300,0,0.0,,
Northwest Territories,Gastroenterology,44300,0,0.0,,
Northwest Territories,Neurology,44300,0,0.0,,
Northwest Territories,Psychiatry,44300,2,4.514672686230248,,
Northwest Territories,Pediatrics,44300,3,6.772009029345373,,
Northwest Territories,Dermatology,44300,0,0.0,,
Northwest Territories,General Surgery,44300,1,2.257336343115124,,
Northwest Territories,Urology,44300,0,0.0,,
Northwest Territories,Orthopedic Surgery,44300,1,2.257336343115124,,
Northwest Territories,Ophthalmology,44300,1,2.257336343115124,,
Northwest Territories,Obstetrics/Gynecology,44300,1,2.257336343115124,,
Nunavut,Internal Medicine,40900,0,0.0,,
Nunavut,Cardiology,40900,0,0.0,,
Nunavut,Gastroenterology,40900,0,0.0,,
Nunavut,Neurology,40900,0,0.0,,
Nunavut,Psychiatry,40900,0,0.0,,
Nunavut,Pediatrics,40900,2,4.88997555012225,,
Nunavut,Dermatology,40900,0,0.0,,
Nunavut,General Surgery,40900,0,0.0,,
Nunavut,Urology,40900,0,0.0,,
Nunavut,Orthopedic Surgery,40900,0,0.0,,
Nunavut,Ophthalmology,40900,0,0.0,,
Nunavut,Obstetrics/Gynecology,40900,1,2.444987775061125,,
